"Title","Text"
"The Downtrodden Poet","In a quiet corner of London, far from the grand theaters and the glittering lights of Covent Garden, "
"The Downtrodden Poet","there lived a poet—a man whose name was scarcely known outside the cramped and dimly lit rooms where "
"The Downtrodden Poet","he wrote his verses. Edward Byers, as he was called, had once been a promising young writer, full of "
"The Downtrodden Poet","dreams and aspirations. The world had, in its own fashion, turned its gaze upon him for a brief, "
"The Downtrodden Poet","fleeting moment—celebrating the fiery passion in his words and the melancholy beauty of his poems."
"The Downtrodden Poet",""
"The Downtrodden Poet","Yet those days had long since passed. Byers had known fame once, many years ago, when he had penned a "
"The Downtrodden Poet","series of passionate and eloquent poems that had briefly captured the hearts of a small circle of "
"The Downtrodden Poet","readers. His works had been admired by the literary circles of the time, praised for their profound "
"The Downtrodden Poet","depth and emotional resonance. His name had appeared in the newspapers, and invitations to speak at "
"The Downtrodden Poet","gatherings had arrived like promises of a future filled with recognition and acclaim."
"The Downtrodden Poet",""
"The Downtrodden Poet","But those days were now but distant memories, and Edward Byers found himself a shadow of the man he "
"The Downtrodden Poet","had once been. The years had not been kind, and with each passing day, his fortunes had withered away"
"The Downtrodden Poet"," like the brittle pages of his early manuscripts. His poetry, once celebrated, now languished in the "
"The Downtrodden Poet","corners of his home, ignored and forgotten. The fickle taste of the public had moved on, leaving him "
"The Downtrodden Poet","behind like a relic from a bygone era."
"The Downtrodden Poet",""
"The Downtrodden Poet","Now, Byers spent his days in solitude, staring at the blank pages of his notebook, his pen trembling "
"The Downtrodden Poet","in his hand. The ink would flow for a few moments, only to dry up before any meaningful words could "
"The Downtrodden Poet","take form. His once-prolific creativity had dwindled to a mere trickle, as if the very wellspring of "
"The Downtrodden Poet","his talent had been drained. His ideas, once so full of promise, now felt hollow—repetitive, uninspired, "
"The Downtrodden Poet","and unworthy of the attention they once commanded."
"The Downtrodden Poet",""
"The Downtrodden Poet","There was nothing left but the bitterness that gnawed at his soul. The laughter of the world, the "
"The Downtrodden Poet","applause, the admiration—it had all faded into a hollow silence. Byers no longer believed in the "
"The Downtrodden Poet","greatness he once thought was his to claim. He had become a man haunted by his own failures, a poet "
"The Downtrodden Poet","whose work had been dismissed by time as inconsequential."
"The Downtrodden Poet",""
"The Downtrodden Poet","One evening, as the light outside dimmed into the pale gloom of twilight, Byers sat hunched over his "
"The Downtrodden Poet","desk in a dingy room in the East End. The room was bare, save for the stack of forgotten manuscripts "
"The Downtrodden Poet","and the worn-out furniture that seemed to echo with the emptiness of his life. His hands, though once"
"The Downtrodden Poet"," steady and sure, now trembled as he gripped his pen, struggling to find the right words."
"The Downtrodden Poet",""
"The Downtrodden Poet","There came a knock at the door, a sound that broke the stillness and made Byers start. He had no "
"The Downtrodden Poet","visitors—he hadn’t in years—but he opened the door nonetheless, half-expecting it to be some errant "
"The Downtrodden Poet","peddler or perhaps a charitable soul with a handout."
"The Downtrodden Poet",""
"The Downtrodden Poet","To his surprise, there stood a young woman, her eyes bright with enthusiasm. She was dressed plainly, "
"The Downtrodden Poet","yet there was something about her—an energy, a spark—that stood in stark contrast to the dreariness "
"The Downtrodden Poet","of his life."
"The Downtrodden Poet",""
"The Downtrodden Poet","“I have read your poems, Mr. Byers,” she said, her voice trembling with excitement. “They are beautiful. "
"The Downtrodden Poet","Truly, they are. I have come to offer you a place in a literary circle. They are eager to hear your work.”"
"The Downtrodden Poet",""
"The Downtrodden Poet","For a moment, Byers stood there, dumbfounded. He could scarcely believe what he was hearing. "
"The Downtrodden Poet","How could it be? He, a forgotten poet, still remembered? His heart quickened, and a strange sense of hope "
"The Downtrodden Poet","fluttered within him."
"The Downtrodden Poet",""
"The Downtrodden Poet","But as the young woman spoke of gatherings and new opportunities, a familiar bitterness crept "
"The Downtrodden Poet","back into his heart."
"The Downtrodden Poet",""
"The Downtrodden Poet","“I have nothing left to give,” Byers said, his voice quiet, filled with resignation."
"The Downtrodden Poet",""
"The Downtrodden Poet","The woman’s face fell, a shadow of sorrow crossing her features. She opened her mouth to speak, but no words "
"The Downtrodden Poet","came. And then, with a soft nod, she turned and walked away, leaving Byers alone once more with his ghosts."
"The Downtrodden Poet",""
"The Downtrodden Poet","As he closed the door, he gazed at the pages before him—pages of unfinished thoughts, of words that could no "
"The Downtrodden Poet","longer capture the fire that once had burned in his soul. But even in that moment, when the world seemed "
"The Downtrodden Poet","indifferent and cold, he knew one thing: He had mattered. Even if only for a moment, he had mattered."
"The Downtrodden Poet",""
"The Downtrodden Poet","And in that quiet realization, Byers found a small solace—a flicker of the man he had once been. Perhaps "
"The Downtrodden Poet","the world had forgotten him, but his words, if only in the hearts of a few, would live on."
"The Fallen Gentleman","There was once a time when the name of Geoffrey Maitland had been synonymous with respectability. "
"The Fallen Gentleman","A man of fine breeding and excellent manners, Maitland had been a fixture of London’s high society."
"The Fallen Gentleman"," His name appeared frequently in the society pages of the newspapers, his face graced the theater "
"The Fallen Gentleman","boxes, and his reputation was that of a gentleman of taste and refinement."
"The Fallen Gentleman",""
"The Fallen Gentleman","Yet, as is often the case with men of ambition, the very qualities that had once elevated Geoffrey "
"The Fallen Gentleman","to the height of society became the very seeds of his undoing. He had always believed that his wealth "
"The Fallen Gentleman","and influence could shield him from the misfortunes that plagued lesser men, and for a time, it had "
"The Fallen Gentleman","seemed as though he were right. But time, that relentless force, is never swayed by the arrogance of "
"The Fallen Gentleman","men, and it was not long before Geoffrey’s fortunes began to sour."
"The Fallen Gentleman",""
"The Fallen Gentleman","It began with a series of ill-advised investments in questionable ventures—a shipping company here, "
"The Fallen Gentleman","a failing mine there. His wealth, which had once seemed inexhaustible, now trickled away like sand "
"The Fallen Gentleman","through an hourglass. The lavish dinners, the fine silks, and the grand soirées—all were slowly "
"The Fallen Gentleman","replaced by shabby meals in smoky taverns and threadbare coats. But it was not the loss of wealth "
"The Fallen Gentleman","that struck Geoffrey most deeply; it was the loss of status, the cold indifference with which society "
"The Fallen Gentleman","now treated him."
"The Fallen Gentleman",""
"The Fallen Gentleman","On a particular evening, as he sat alone in a dingy room of a tavern, nursing a glass of watered-down "
"The Fallen Gentleman","wine, the door opened, and in walked a figure from his past—a man who had once been his closest friend."
"The Fallen Gentleman",""
"The Fallen Gentleman","“Geoffrey,” the man said, his voice tinged with both pity and disdain. “You’ve fallen far, haven’t you?”"
"The Fallen Gentleman",""
"The Fallen Gentleman","Geoffrey’s face hardened. He had heard such words before—whispers behind his back, murmurs of scandal "
"The Fallen Gentleman","in the drawing rooms. But this time, they were spoken aloud, and the sting was unbearable."
"The Fallen Gentleman",""
"The Fallen Gentleman","“I have no need for your sympathy,” Geoffrey spat, though his words were hollow, and his hand trembled "
"The Fallen Gentleman","as it grasped the empty glass."
"The Fallen Gentleman",""
"The Fallen Gentleman","But the man merely shook his head, his expression a mixture of sorrow and disbelief. “You were once a "
"The Fallen Gentleman","man of promise. But now, look at you—a shadow of what you were.”"
"The Fallen Gentleman",""
"The Fallen Gentleman","With that, the man turned and left, leaving Geoffrey alone with the bitter truth of his decline. In that "
"The Fallen Gentleman","moment, Geoffrey Maitland realized that no amount of wealth or status could shield a man from the "
"The Fallen Gentleman","consequences of his own pride."
"The Miser’s Toll","In the heart of a dismal, soot-stained district, where the clouds themselves seemed perpetually heavy with melancholy, "
"The Miser’s Toll","there stood a house—if one could call it such—a miserable, grim edifice that looked as though it had been built of despair "
"The Miser’s Toll","itself. Its walls, weatherworn and cracked, bore the mark of long years spent beneath the relentless weight of an indifferent "
"The Miser’s Toll","sky. The windows, obscured by dust and grime, peered out over the fog-laden streets below, where the very air seemed to "
"The Miser’s Toll","stifle all hope of cheer."
"The Miser’s Toll",""
"The Miser’s Toll","It was within this house that old Josiah Crimple lived—perhaps ""lived"" is not quite the word, for though his body drew breath, "
"The Miser’s Toll","his soul had long since fled from him. Crimple, the miserly wretch, had been a fixture of the district for as long as anyone "
"The Miser’s Toll","could recall, and his name was as well-known as the crumbling bricks of his dilapidated abode. He was a man whose life had been "
"The Miser’s Toll","spent in the pursuit of wealth, yet one who had never known the pleasure of possessing it. Wealth, to him, was not a thing to be "
"The Miser’s Toll","enjoyed or shared, but a thing to be hoarded—a treasure to be guarded like the very air he breathed."
"The Miser’s Toll",""
"The Miser’s Toll","On any given day, one could find Josiah Crimple in his meager parlor, sitting in a threadbare armchair, his eyes fixed upon the"
"The Miser’s Toll"," fireplace that no longer warmed the room, for the fire had long since gone cold. Before him, upon a small, splintered table, sat"
"The Miser’s Toll"," a ledger—an accursed thing that he consulted at all hours of the day and night, as though the very numbers within it could summon"
"The Miser’s Toll"," him the fortune he so desperately craved. But it was not fortune that Crimple sought, no, it was control—control over the wealth"
"The Miser’s Toll"," of others, control over the ebb and flow of human lives, as though their fates were as mere entries in his book."
"The Miser’s Toll",""
"The Miser’s Toll","Crimple’s fingers, gnarled and twisted with age, hovered over the ledger’s pages with the delicacy of a spider spinning its web."
"The Miser’s Toll"," His eyes, though weak and rheumy, still burned with a strange intensity—a fire that, for all its flickering, refused to die. He "
"The Miser’s Toll","would mutter to himself in a low, rasping voice as he marked another entry in the ledger, the numbers flowing from his pen like "
"The Miser’s Toll","the grim procession of the dead."
"The Miser’s Toll",""
"The Miser’s Toll","“Five pounds,” he would croak. “Five pounds and yet another penny saved... It adds up, it adds up.”"
"The Miser’s Toll",""
"The Miser’s Toll","And so it did, though not in the way Crimple imagined. His riches, though considerable, had become as burdensome as the weight of"
"The Miser’s Toll"," the very stones upon his roof. For all his scheming and pinching, the wealth that had been his for so many years no longer seemed"
"The Miser’s Toll"," to fill the hollow place within him—a place that, in his younger days, had once been occupied by ambition and purpose. Now, all that"
"The Miser’s Toll"," remained was a creeping sense of desolation, for what was wealth when it could not be spent, shared, or even enjoyed?"
"The Miser’s Toll",""
"The Miser’s Toll","It was a cold morning—perhaps the coldest of the year—when the first disturbance to Crimple's solitary existence came in the form of"
"The Miser’s Toll"," a letter. The letter was as humble as Crimple himself had become in his old age, but its contents carried a weight that sent a shiver"
"The Miser’s Toll"," through him, though the room was bitterly cold."
"The Miser’s Toll",""
"The Miser’s Toll","“Mr. Josiah Crimple,” the letter began, in neat, elegant script, “We regret to inform you that the creditors of your late business"
"The Miser’s Toll"," venture have filed a claim against your property. As per the legal proceedings, a hearing will be held at the Magistrate’s Court"
"The Miser’s Toll"," next week. You are required to attend.”"
"The Miser’s Toll",""
"The Miser’s Toll","The letter fell from his trembling hands, as though it had burned him. Crimple’s mouth went dry, and for the first time in years,"
"The Miser’s Toll"," he felt something akin to fear—a sensation that, for all his wealth, had been a stranger to him. His heart raced, and his breath"
"The Miser’s Toll"," grew shallow. Was this the end of his reign? Was this the moment when the walls of his fortress of money, which he had so"
"The Miser’s Toll"," carefully built, would come crashing down upon him?"
"The Miser’s Toll",""
"The Miser’s Toll","No sooner had the letter been delivered than the knock came. The sound was not a polite tap, but a harsh, insistent rap that echoed"
"The Miser’s Toll"," through the empty house. Crimple’s heart skipped, and he turned slowly, his body creaking with the effort. It was then that he saw"
"The Miser’s Toll"," the figure standing in the doorway."
"The Miser’s Toll",""
"The Miser’s Toll","The man was tall, dressed in a dark suit that seemed to absorb the very light of the room. His face was pale, almost sickly, and his"
"The Miser’s Toll"," eyes, sharp and penetrating, fixed upon Crimple with the gaze of a hawk upon its prey."
"The Miser’s Toll",""
"The Miser’s Toll","“I have come to speak with you about your debts, Mr. Crimple,” the man said, his voice smooth, almost too smooth—like the hiss of a"
"The Miser’s Toll"," serpent ready to strike."
"The Miser’s Toll",""
"The Miser’s Toll","Crimple swallowed, his throat tight. “D-debts?” he stammered. “What do you mean? My affairs are in order. My books are balanced.”"
"The Miser’s Toll",""
"The Miser’s Toll","The man’s smile was a thin, cruel thing. “Your books, Mr. Crimple, are but a testament to your greed. But they are also a record of"
"The Miser’s Toll"," your downfall. You have no more time to dally in these petty calculations. The hour of reckoning is at hand.”"
"The Miser’s Toll",""
"The Miser’s Toll","With that, the man stepped forward, and for the first time in many years, Crimple felt the weight of his life come crashing down upon"
"The Miser’s Toll"," him. His wealth, his control, his very existence—all were slipping through his fingers like grains of sand."
"The Miser’s Toll",""
"The Miser’s Toll","The man, with one last glance of pity—or was it disdain?—left as quickly as he had come, and Crimple was left alone in the silence,"
"The Miser’s Toll"," the oppressive stillness of the room pressing upon him like a vice."
"The Miser’s Toll",""
"The Miser’s Toll","It was then that he heard it—the sound of a door creaking open. He turned, his eyes wide with terror, but there was no one there. Yet"
"The Miser’s Toll"," he knew, in that moment, that he was not alone. For all his years of hoarding, all his life spent in the pursuit of wealth, Crimple"
"The Miser’s Toll"," had neglected the one thing that mattered most: the human connections that could have saved him from his isolation. And now, as he "
"The Miser’s Toll","faced the inevitable consequences of his actions, he found that there was no one left to save him—not even his money."
"The Miser’s Toll",""
"The Miser’s Toll","Thus, Josiah Crimple, the miser who had lived for so long in the shadows of his own making, was left to confront the emptiness that "
"The Miser’s Toll","had been his life. And though the world outside continued on, indifferent and uncaring, within the walls of his forsaken house, the"
"The Miser’s Toll"," toll of his choices was clear. For in the end, wealth—like all things—could not buy redemption."
"The Orphan’s Heart","There is no joy in orphanhood, nor any sweetness in the days that follow the loss of one’s parents. "
"The Orphan’s Heart","Little Mary Wren had learned this bitter truth early in life. Orphaned at the tender age of six, "
"The Orphan’s Heart","she was thrust into a world that seemed to offer no refuge, no comfort, no love. The kindly faces "
"The Orphan’s Heart","she had once known, those of her mother and father, had vanished from her life with the suddenness "
"The Orphan’s Heart","of a cruel storm, leaving only a vague memory of warmth and affection, which now seemed more like "
"The Orphan’s Heart","a dream than a reality."
"The Orphan’s Heart",""
"The Orphan’s Heart","She had been placed under the care of her Aunt Edith, a woman whose heart, like the hearth in her "
"The Orphan’s Heart","parlor, was cold and unwelcoming. Aunt Edith was a woman of harsh words and harder hands. Her life"
"The Orphan’s Heart"," was bound by the routines of daily toil, and her affection for Mary seemed as scarce as the sunshine "
"The Orphan’s Heart","that never seemed to reach the orphanage-like home where they lived. It was a house that echoed with "
"The Orphan’s Heart","the sounds of loneliness—the creaking of the old floors, the heavy sighs that seemed to come from the "
"The Orphan’s Heart","walls themselves, and the muffled sobs of a child who had learned early that life could be a hard and "
"The Orphan’s Heart","merciless thing."
"The Orphan’s Heart",""
"The Orphan’s Heart","Under Aunt Edith's rule, Mary's days were filled with drudgery. From dawn to dusk, she swept and "
"The Orphan’s Heart","scrubbed, mended old clothes, and washed the dishes, all the while with little more than a morsel "
"The Orphan’s Heart","of bread to call her own at the end of the day. There were no toys, no warm embraces, and no moments "
"The Orphan’s Heart","of joy. There was only the constant rhythm of work, the feeling that her very existence was as "
"The Orphan’s Heart","insignificant as the dust that gathered on the corners of the room."
"The Orphan’s Heart",""
"The Orphan’s Heart","One dreary afternoon, when the air was thick with the weight of impending rain, Mary found herself "
"The Orphan’s Heart","alone on the cobbled streets of the city. The day had been long, and her tired limbs seemed to drag "
"The Orphan’s Heart","her along, but there was something in the cool breeze that beckoned her outside. Perhaps it was the"
"The Orphan’s Heart"," thought of escape, or the faint hope that there might be something beyond the drudgery of her daily"
"The Orphan’s Heart"," life—a world where kindness existed, where someone might care for her."
"The Orphan’s Heart",""
"The Orphan’s Heart","As she wandered down the street, lost in thought, she caught sight of something that made her pause—a "
"The Orphan’s Heart","small creature, limping along the side of the road. It was a dog, a stray, its fur matted and its ribs"
"The Orphan’s Heart"," visible beneath its thin, sickly skin. The dog’s eyes were dull, yet they seemed to hold a glimmer of "
"The Orphan’s Heart","recognition, as though it, too, had known the sting of abandonment and loneliness."
"The Orphan’s Heart",""
"The Orphan’s Heart","The dog staggered forward, its gait unsteady, and Mary’s heart went out to it at once. She had no food "
"The Orphan’s Heart","to offer it, but she could not bear to see it suffer. Digging into the pocket of her threadbare coat, "
"The Orphan’s Heart","she found a small piece of bread, barely enough to satisfy a bird, but enough to offer to the dog. She "
"The Orphan’s Heart","knelt down, holding the bread out to it, and the creature hesitated for a moment, as though it, too, was"
"The Orphan’s Heart"," unsure whether to trust her."
"The Orphan’s Heart",""
"The Orphan’s Heart","At last, with a tentative sniff, the dog took the bread from her hand, its sharp, hungry eyes meeting hers"
"The Orphan’s Heart"," for the briefest of moments. There was something in that gaze—something that spoke of a shared sorrow, an "
"The Orphan’s Heart","understanding of the emptiness that could haunt the hearts of those who had been left behind."
"The Orphan’s Heart",""
"The Orphan’s Heart","""Poor thing,"" Mary whispered softly, her voice trembling with sympathy. ""You are like me, aren't you?"""
"The Orphan’s Heart",""
"The Orphan’s Heart","The dog gave a quiet whine, as if in agreement, before it turned and trotted off into the alleyway. Mary "
"The Orphan’s Heart","watched it go, her heart heavy but strangely warmed. For the first time in a long while, she felt a flicker"
"The Orphan’s Heart"," of something other than despair. It was a small act of kindness—a mere offering of bread—but it had touched "
"The Orphan’s Heart","her in a way that no one else had for as long as she could remember."
"The Orphan’s Heart",""
"The Orphan’s Heart","As the day wore on, and the streets grew emptier and the clouds darker, Mary made her way back home. Aunt "
"The Orphan’s Heart","Edith was in the kitchen, as usual, her back to the door, her face set in a permanent frown. Mary slipped "
"The Orphan’s Heart","quietly past her, feeling the weight of her aunt's indifference like a tangible force. Yet, in the silence "
"The Orphan’s Heart","that followed, a small sense of peace lingered within her. Perhaps, she thought, there was still something "
"The Orphan’s Heart","worth holding onto in this world—a kindness, a fleeting moment of connection that no one could take from her."
"The Orphan’s Heart",""
"The Orphan’s Heart","The next day, as she passed by the same street corner where she had encountered the dog, she saw something that "
"The Orphan’s Heart","made her heart leap—a woman, dressed in rags, sitting on the cold stone steps of a nearby shop, clutching a bundle"
"The Orphan’s Heart"," to her chest. The woman’s face was pale and drawn, her eyes hollow with hunger, but as Mary approached, the woman"
"The Orphan’s Heart"," looked up and met her gaze with a fleeting expression of recognition."
"The Orphan’s Heart",""
"The Orphan’s Heart","""Little girl,"" the woman said, her voice cracked and dry, ""might you have a spare penny? I have not eaten all day, "
"The Orphan’s Heart","and the cold is fierce."""
"The Orphan’s Heart",""
"The Orphan’s Heart","Mary’s heart ached as she saw the desperation in the woman’s eyes. She had no money to offer, but the image of the "
"The Orphan’s Heart","dog—the creature who had known such suffering, yet still found something to trust—flashed through her mind. She had "
"The Orphan’s Heart","no food to give, no wealth to share, but there was something in her that could not leave the woman empty-handed."
"The Orphan’s Heart",""
"The Orphan’s Heart","Without thinking, Mary reached into her pocket, her fingers brushing the last of her bread crumbs. She held them "
"The Orphan’s Heart","out to the woman with the same soft, trembling words she had spoken to the dog: “You are like me, aren’t you? "
"The Orphan’s Heart","Poor and forgotten.”"
"The Orphan’s Heart",""
"The Orphan’s Heart","The woman’s face softened, and for a moment, she seemed to forget her own hunger. She took the crumbs, her hands "
"The Orphan’s Heart","shaking, and whispered a quiet blessing as she accepted them."
"The Orphan’s Heart",""
"The Orphan’s Heart","“You have the heart of a saint, child,” she said, her voice full of wonder. “Bless you, bless you.”"
"The Orphan’s Heart",""
"The Orphan’s Heart","As Mary walked away, her steps lighter than they had been in many days, she realized something profound. Though "
"The Orphan’s Heart","the world had shown her little kindness, though she had been left to suffer in silence for so long, she still had "
"The Orphan’s Heart","the capacity to give. She still had the ability to care for others, to extend a hand, however small, to those who "
"The Orphan’s Heart","needed it."
"The Orphan’s Heart",""
"The Orphan’s Heart","And in that moment, a thought crossed her mind that made her heart swell with a hope she had not known in years: "
"The Orphan’s Heart","Perhaps the smallest acts of kindness could heal even the deepest wounds. Perhaps she was not so alone after all."
"The Shopkeeper's Lament","In a narrow, bustling street, where the very air seemed saturated with the scent of "
"The Shopkeeper's Lament","stale bread and rancid fish, there stood a small shop—a dimly lit establishment, with "
"The Shopkeeper's Lament","a faded sign above the door that read, ""The Old Curiosity Shop."" Its windows, grimy "
"The Shopkeeper's Lament","from years of neglect, offered only a feeble glimpse of the treasures within—piles of "
"The Shopkeeper's Lament","knick-knacks, brass trinkets, and strange, forgotten curiosities that had long since "
"The Shopkeeper's Lament","lost their value."
"The Shopkeeper's Lament",""
"The Shopkeeper's Lament","The shopkeeper, a hunched and gray-haired man named Ambrose Tuttle, was the very "
"The Shopkeeper's Lament","picture of weariness. He had spent his entire life amidst these dusty shelves, "
"The Shopkeeper's Lament","tending to the oddments and bric-a-brac that the world had no use for. Yet, despite"
"The Shopkeeper's Lament"," the weariness of his bones and the dull ache in his heart, Tuttle continued to open"
"The Shopkeeper's Lament"," the shop every morning, his gnarled hands turning the key in the lock, though there"
"The Shopkeeper's Lament"," was seldom a customer to greet him."
"The Shopkeeper's Lament",""
"The Shopkeeper's Lament","Tuttle’s life, like the things he sold, had become a collection of forgotten pieces, "
"The Shopkeeper's Lament","each one worn and discarded by the world around him. And yet, as the years had worn on,"
"The Shopkeeper's Lament"," his attachment to the shop grew—more than a business, it had become his only companion,"
"The Shopkeeper's Lament"," a refuge from a world that had long since passed him by."
"The Shopkeeper's Lament",""
"The Shopkeeper's Lament","On one particularly dreary afternoon, a strange figure entered the shop. The man was tall, "
"The Shopkeeper's Lament","dressed in a well-cut suit that spoke of wealth and leisure—a stark contrast to the shop’s "
"The Shopkeeper's Lament","grim interior. His eyes, sharp and calculating, scanned the shelves as though they were "
"The Shopkeeper's Lament","nothing more than worthless junk. Yet, he paused before a tarnished mirror—a mirror that "
"The Shopkeeper's Lament","Ambrose had owned for as long as he could remember."
"The Shopkeeper's Lament",""
"The Shopkeeper's Lament","“I’ll take this,” the man said, his voice devoid of warmth. “How much?”"
"The Shopkeeper's Lament",""
"The Shopkeeper's Lament","Ambrose’s hands trembled as he reached for the price tag. It was a paltry sum, barely "
"The Shopkeeper's Lament","enough to buy a loaf of bread, but it was all the old man had left. He could feel his "
"The Shopkeeper's Lament","heart sink as the transaction was made."
"The Shopkeeper's Lament",""
"The Shopkeeper's Lament","“Five shillings,” Ambrose said, his voice barely above a whisper."
"The Shopkeeper's Lament",""
"The Shopkeeper's Lament","The man handed over the money, and as he turned to leave, Ambrose looked at the mirror one "
"The Shopkeeper's Lament","last time. It seemed to reflect not just his own face, but something deeper—something that "
"The Shopkeeper's Lament","spoke of the years he had spent in the shadow of his own failure. And as the bell above the "
"The Shopkeeper's Lament","door rang its hollow sound, Ambrose realized, with a pang of sorrow, that he had lost more "
"The Shopkeeper's Lament","than just the mirror. He had lost a part of himself."
